id,division,sub,BU,SSno,name,SSkv,owned,EHVname,switching,lat,lng,capacity,solarcap,plant,ptrans,feeder,outfeeder,infeeder,infeederss,img
1,SANGLI URBAN DIVISION,SANGLIWADI WEST ZONE,4067,244073,33/11 KV SHERINALA,33/11 KV,Y,,N,16.863828,74.559015,5,0,,,6,5,1,1,/assets/ss.png
2,SANGLI URBAN DIVISION,"SOUTH ZONE,SANGLI",4069,244039,33/11 KV NEW SANGLI CITY,33/11 KV,Y,,N,16.84653,74.57298,10,,,,10,8,2,2,/assets/ss.png
3,SANGLI URBAN DIVISION,"SOUTH ZONE,SANGLI",4069,244092,33 / 11 KV KOLHAPUR ROAD,33/11 KV,Y,,N,16.8404267,74.5644667,5,,,,6,5,1,1,/assets/ss.png
4,SANGLI URBAN DIVISION,MADHAVNAGAR,1236,244030,33/11 KV KUPWAD MIDC,33/11 KV,Y,,N,16.8769579,74.632345,20,,,,14,14,0,3,/assets/ss.png
5,SANGLI URBAN DIVISION,MADHAVNAGAR,1236,244066,33/11 KV SIE,33/11 KV,Y,,N,16.8760189,74.5874647,10,,,,8,8,0,1,/assets/ss.png
6,SANGLI URBAN DIVISION,MADHAVNAGAR,1236,244019,33/11 KV MADHAVNAGAR,33/11 KV,Y,,N,16.8879978,74.5914153,15,,,,11,10,1,3,/assets/ss.png
7,SANGLI URBAN DIVISION,MADHAVNAGAR,1236,244043,33/11 KV CHAKAN,33/11 KV,Y,,N,16.8812117,74.6262133,15,,,,10,9,1,1,/assets/ss.png
8,SANGLI URBAN DIVISION,MADHAVNAGAR,1236,244095,33/11 KV KUPWAD CITY,33/11 KV,Y,,N,16.855974,74.613033,20,,,,8,8,0,3,/assets/ss.png
9,SANGLI URBAN DIVISION,VISHRAMBAG NORTH ZN.,4066,244094,33\11 KV VIJAYANAGAR,33/11 KV,Y,,N,16.840539,74.608285,10,,,,9,8,1,1,/assets/ss.png
10,SANGLI URBAN DIVISION,VISHRAMBAG NORTH ZN.,4066,244119,33/11 VISHRAMBAG STORES,33/11 KV,Y,,N,16.842914,74.598747,10,,,,6,6,0,3,/assets/ss.png
11,SANGLI URBAN DIVISION,"CENTRAL ZONE,SANGLI",4068,244080,33/11KV RISALA ROAD,33/11 KV,Y,,N,16.8567728,74.5669995,15,,,,6,6,0,1,/assets/ss.png
12,SANGLI URBAN DIVISION,"CENTRAL ZONE,SANGLI",4068,244122,33/11 KV BALAJI MANDIR,33/11 KV,Y,,N,16.8614835,74.5844691,5,-,,,5,5,0,1,/assets/ss.png
13,SANGLI URBAN DIVISION,MIRAJ urban,1228,244070,33/11 KV KRIPAMAI,33/11 KV,Y,,N,16.8374541,74.6293781,15,,,,7,7,0,1,/assets/ss.png
14,SANGLI URBAN DIVISION,MIRAJ urban,1228,244008,33/11 KV MIRAJ,33/11 KV,Y,,N,16.845065,74.6467953,15,,,,10,9,1,2,/assets/ss.png
15,SANGLI URBAN DIVISION,MIRAJ urban,1228,244118,33/11 KV SHANIVAR PETH MIRAJ,33/11 KV,Y,,N,16.826564,74.648551,10,,,,6,6,0,1,/assets/ss.png
16,SANGLI URBAN DIVISION,MIRAJ urban,1228,244085,33/11KV MIDC MIRAJ,33/11 KV,Y,,N,16.8530577,74.6384341,20,,,,10,10,0,1,/assets/ss.png
17,SANGLI URBAN DIVISION,MIRAJ urban,1228,248004,220 KV MIRAJ,220/33 KV,N,Karad,N,16.8475892,74.6384557,100,,,,11,3,7,0,/assets/ss.png
18,SANGLI RURAL DIVISION,TASGAON (II),1279,246005,110/33/11 KV TASGAON,33/11 KV,N,Karad,N,17.0226521,74.6026248,66,,,,12,7,4,0,/assets/ss.png
19,SANGLI RURAL DIVISION,TASGAON (II),1279,244013,33/11 KV ANKALHKOP,33/11 KV,Y,,N,17.0132539,74.4501034,10,0,,,11,11,0,1,/assets/ss.png
20,SANGLI RURAL DIVISION,TASGAON (II),1279,244026,33/11 KV BURUNGAWADI,33/11 KV,Y,,N,17.015469,74.5119108,15,0,,,8,8,0,1,/assets/ss.png
21,SANGLI RURAL DIVISION,TASGAON (II),1279,244086,33 / 11 KV TASGAON,33/11 KV,Y,,N,17.0239313,74.6020519,10,,,,7,6,1,2,/assets/ss.png
22,SANGLI RURAL DIVISION,TASGAON (II),1279,244063,33/11KV KHATAV,33/11 KV,Y,,N,16.9659189,74.5279101,10,,,,5,5,0,1,/assets/ss.png
23,SANGLI RURAL DIVISION,TASGAON (II),1279,244087,33/11 KV TURACHI,33/11 KV,Y,,N,17.0558051,74.5419523,10,,,,5,5,0,1,/assets/ss.png
24,SANGLI RURAL DIVISION,TASGAON (II),1279,244091,33/11 KV BHILWADI  ( MALWADI ),33/11 KV,Y,,N,16.9775701,74.4898791,10,,,,3,3,0,1,/assets/ss.png
25,SANGLI RURAL DIVISION,VISHRAMBAG,1252,244011,33/11 KV KASABE DIGRAJ,33/11 KV,Y,,N,16.9087061,74.5055869,8,,,1,13,10,3,2,/assets/ss.png
26,SANGLI RURAL DIVISION,VISHRAMBAG,1252,244032,33/11 KV BRAMHNAL,33/11 KV,Y,,N,16.9305675,74.5057511,10,0,,1,11,7,4,2,/assets/ss.png
27,SANGLI RURAL DIVISION,VISHRAMBAG,1252,246001,110/33/11 KV VISHRAMBAG S/SN,132/33 KV,N,Karad,N,16.8431483,74.5971248,112.5,,,,14,8,5,0,/assets/ss.png
28,SANGLI RURAL DIVISION,VISHRAMBAG,1252,244065,33/11 KV KAVATHE PIRAN,33/11 KV,Y,,N,16.8822609,74.4742138,10,,,1,12,8,4,2,/assets/ss.png
29,SANGLI RURAL DIVISION,VISHRAMBAG,1252,244068,33/11 KV BUDHGAON,33/11 KV,Y,,N,16.9063736,74.5896941,10,,,1,13,8,5,2,/assets/ss.png
30,SANGLI RURAL DIVISION,VISHRAMBAG,1252,244037,33/11 KV PRAKASH AGRO,33/11 KV,Y,,N,16.8799856,74.5345923,3.15,,,,4,2,2,1,/assets/ss.png
31,SANGLI RURAL DIVISION,VISHRAMBAG,1252,244088,33/11 KV DUDHGAON S/STN,33/11 KV,Y,,N,16.879861,74.4338307,5,,,,8,5,3,2,/assets/ss.png
32,SANGLI RURAL DIVISION,VISHRAMBAG,1252,244090,33/11KV NANDRE S/STN,33/11 KV,Y,,N,16.9591866,74.5641844,5,,,,6,3,3,1,/assets/ss.png
33,SANGLI RURAL DIVISION,VISHRAMBAG,1252,244126,33/11 KV KAVALAPUR,33/11 KV,Y,,N,16.9141982,74.6119753,5,,,,6,3,3,2,/assets/ss.png
34,SANGLI RURAL DIVISION,MIRAJ RURAL,1244,244001,33/11 KV MHAISHAL,33/11 kV,Y,,N,16.7439018,74.7098223,10,,,2,13,7,5,2,/assets/ss.png
35,SANGLI RURAL DIVISION,MIRAJ RURAL,1244,244038,33/11 KV KRISHNA GHAT,33/11 kV,Y,,N,16.7998461,74.6393012,10,0,,,11,6,5,2,/assets/ss.png
36,SANGLI RURAL DIVISION,MIRAJ RURAL,1244,244134,33/11KV SIDHEWADI,33/11 kV,Y,,N,16.8935902,74.6994693,5,,,,8,3,5,0,/assets/ss.png
37,SANGLI RURAL DIVISION,MIRAJ RURAL,1244,244142,33/11KV KHANDERAJURI,33/11 kV,Y,,N,16.8971,74.7824167,5,0,,,6,3,3,0,/assets/ss.png
38,SANGLI RURAL DIVISION,MIRAJ RURAL,1244,244093,33/11 KV SAVALI KANADWADI,33/11 KV,Y,,N,16.8876533,74.6477154,10,0,,,15,9,6,0,/assets/ss.png
39,SANGLI RURAL DIVISION,MIRAJ RURAL,1244,244059,33/11 KV SONI,33/11 KV,Y,,N,16.9531434,74.6848374,10,0,,,12,6,6,1,/assets/ss.png
40,SANGLI RURAL DIVISION,MIRAJ RURAL,1244,244107,33/11KV MALGAON,33/11 KV,Y,,N,16.8652567,74.7107137,5,0,,,7,3,3,1,/assets/ss.png
41,SANGLI RURAL DIVISION,MIRAJ RURAL,1244,248019,220KV NARWAD SUBSTATION,220/33 KV,N,Karad,N,16.7480994,74.7543649,50,,,,3,1,2,0,/assets/ss.png
42,SANGLI RURAL DIVISION,MIRAJ RURAL,1244,244137,33/11KV NARWAD,33/11 KV,Y,,N,16.7481038,74.7544612,5,0,,,6,3,3,2,/assets/ss.png
43,SANGLI RURAL DIVISION,SAVLAJ S/DN.,4789,244054,33/11 KV MANERAJURI,33/11 KV,Y,,N,17.0383703,74.7008739,10,,,1,15,9,6,1,/assets/ss.png
44,SANGLI RURAL DIVISION,SAVLAJ S/DN.,4789,244016,33/11 KV SAVLAJ SUBSTATION,33/11 KV,Y,,N,17.1063548,74.7712436,13.15,,,,13,8,5,1,/assets/ss.png
45,SANGLI RURAL DIVISION,SAVLAJ S/DN.,4789,244089,33/11 KV WAIFALE,33/11 KV,Y,,N,17.1800317,74.7508161,5,,,,8,5,3,1,/assets/ss.png
46,SANGLI RURAL DIVISION,SAVLAJ S/DN.,4789,244108,33/11 KV KOULAGE,33/11 KV,Y,,N,17.08336,74.6854,10,,,,11,6,5,1,/assets/ss.png
47,SANGLI RURAL DIVISION,SAVLAJ S/DN.,4789,244125,33/11 KV ANJANI (NAGEWADI),33/11 KV,Y,,N,17.0817509,74.7952191,5,,,,7,4,3,1,/assets/ss.png
48,SANGLI RURAL DIVISION,SAVLAJ S/DN.,4789,244133,33/11 KV MANJARDE STN,33/11 KV,Y,,N,17.1504593,74.695577,5,,,,11,6,5,1,/assets/ss.png
49,SANGLI RURAL DIVISION,SAVLAJ S/DN.,4789,244139,33/11KV JARANDI,33/11 KV,Y,,N,17.1755204,74.8271097,5,,,,6,3,3,1,/assets/ss.png
50,SANGLI RURAL DIVISION,SAVLAJ S/DN.,4789,246014,110/33 KV SAVLAJ STN,132/33 KV,N,Karad,N,17.1066536,74.7707606,50,,,,8,1,6,0,/assets/ss.png
51,SANGLI RURAL DIVISION,TASGAON (I),1261,244020,33/11 KV KUMTHE,33/11 KV,Y,,N,16.9622395,74.6504045,10,0,,,12,7,5,2,/assets/ss.png
52,SANGLI RURAL DIVISION,TASGAON (I),1261,244056,33/11 KV BORGAON,33/11 KV,Y,,N,17.1192826,74.5648496,15,0,,,15,10,5,1,/assets/ss.png
53,SANGLI RURAL DIVISION,TASGAON (I),1261,244046,33/11 KV HATNUR,33/11 KV,Y,,N,17.1600564,74.6666809,10,0,,,14,9,5,2,/assets/ss.png
54,SANGLI RURAL DIVISION,TASGAON (I),1261,244152,33/11 KV 2X5 MVA CHINCHANI (AR,33/11 KV,Y,,N,17.071153,74.639995,10,0,4/16/2024,2,11,6,5,0,/assets/ss.png
55,KOLHAPUR URBAN DIVISION,KOLHAPUR U.(N) S/DN.,4019,144034,33/11 KV SUGAR MILL,33/11 KV,Y,,N,16.7480922,74.2450112,10,0,,2,10,8,2,4,/assets/ss.png
56,KOLHAPUR URBAN DIVISION,KOLHAPUR U.(N) S/DN.,4019,144035,33/11KV NAGALA S/S,33/11 KV,Y,,N,16.7096189,74.2302267,20,0,,2,11,10,1,4,/assets/ss.png
57,KOLHAPUR URBAN DIVISION,KOLHAPUR U.(N) S/DN.,4019,144102,CIRCUIT HOUSE S/S,33/11 KV,Y,,N,16.7180735,74.2489324,20,0,,2,10,8,2,4,/assets/ss.png
58,KOLHAPUR URBAN DIVISION,KOLHAPUR U. CENTRAL,4017,144104,RAMANAND NAGAR,33/11 KV,Y,,N,16.6660899,74.2226211,20,,,2,10,7,2,5,/assets/ss.png
59,KOLHAPUR URBAN DIVISION,KOLHAPUR U. CENTRAL,4017,144033,SHENDA PARK S/STN,33/11 KV,Y,,N,16.6593836,74.1980564,20,,,2,10,10,0,6,/assets/ss.png
60,KOLHAPUR URBAN DIVISION,KOLHAPUR U.(E) S/DN.,4016,144029,SHAHU MILL,33/11 KV,Y,,N,16.69247,74.2387,15,0,,3,9,7,2,4,/assets/ss.png
61,KOLHAPUR URBAN DIVISION,KOLHAPUR U.(E) S/DN.,4016,144100,Y. P. POWAR NAGAR,33/11 KV,Y,,N,16.6892395,74.2367122,15,,,1,6,5,1,5,/assets/ss.png
62,KOLHAPUR URBAN DIVISION,KOLHAPUR U.(E) S/DN.,4016,144106,33/11 KV SHIVAJI VIDYAPEETH,33/11 KV,Y,,N,16.6874974,74.251196,5,,,1,4,3,1,4,/assets/ss.png
63,KOLHAPUR URBAN DIVISION,KOLHAPUR U.(W) S/DN.,4018,144032,33/11KV PUIKHADI SUBSTATION,33/11 KV,Y,,N,16.6595851,74.1974883,20,,,,9,7,2,3,/assets/ss.png
64,KOLHAPUR URBAN DIVISION,KOLHAPUR U.(W) S/DN.,4018,144101,33/11 KV DUDHALI S/S,33/11 KV,Y,,N,16.6971204,74.2165525,20,,,2,10,8,2,3,/assets/ss.png
65,KOLHAPUR URBAN DIVISION,KOLHAPUR U.(W) S/DN.,4018,146017,110/33KV CHAMBUKHADI,132/33 KV,N,Kolhapur,N,16.699079,74.186738,50,,,,9,5,3,0,/assets/ss.png
66,KOLHAPUR URBAN DIVISION,KOLHAPUR U.MARKET Y.,4021,146001,132/33 KV BAPAT CAMP,132/33 KV,N,Kolhapur,N,16.7150705,74.2712738,100,,,2,7,1,5,0,/assets/ss.png
67,KOLHAPUR URBAN DIVISION,KOLHAPUR U.MARKET Y.,4021,146010,110/33/11KV SHIROLI S/STN,33/11 KV,N,Kolhapur,N,16.7594086,74.2729008,132,,,4,16,12,3,0,/assets/ss.png
68,KOLHAPUR URBAN DIVISION,KOLHAPUR U.MARKET Y.,4021,144030,33/11KV GPI S/STN,33/11 KV,Y,,N,16.6920696,74.2667144,10,0,,2,4,4,0,4,/assets/ss.png
69,KOLHAPUR URBAN DIVISION,KOLHAPUR U.MARKET Y.,4021,144103,33/11 KV GANDHINAGAR,33/11 KV,Y,,N,16.7113833,74.3000137,20,,,2,7,7,0,1,/assets/ss.png
70,KOLHAPUR URBAN DIVISION,KOLHAPUR U.MARKET Y.,4021,144105,33/11 KV SHIROLI MINOR MIDC,33/11 KV,Y,,N,16.7596256,74.273323,20,,,2,7,6,1,1,/assets/ss.png
71,KOLHAPUR URBAN DIVISION,KOLHAPUR U.MARKET Y.,4021,144092,33/11 KV BAPAT CAMP MINOR,33/11 KV,Y,,N,16.715345,74.270482,20,0,,2,10,9,1,1,/assets/ss.png
72,KOLHAPUR URBAN DIVISION,KOLHAPUR U.MARKET Y.,4021,144093,33/11 D BLOCK,33/11 KV,Y,,N,16.7602283,74.2729228,20,,,2,8,8,0,1,/assets/ss.png
73,KOLHAPUR URBAN DIVISION,KOLHAPUR U.MARKET Y.,4021,144121,33/11 KV G-BLOCK,33/11 KV,Y,,N,16.7547693,74.2661464,20,,,2,7,6,1,0,/assets/ss.png
74,GADHINGLAJ DIVISION,NESARI,1139,144057,33/11 KV HALKARNI,33/11 KV,Y,,N,16.1679057,74.4770795,10,715,07-09-2019,2,9,7,2,3,/assets/ss.png
75,GADHINGLAJ DIVISION,NESARI,1139,144058,33/11 KV NESARI,33/11 KV,Y,,N,16.0537885,74.3204002,10,,,2,7,6,1,3,/assets/ss.png
76,GADHINGLAJ DIVISION,NESARI,1139,144068,33/11 KV MAHAGAON,33/11 KV,Y,,N,16.1396156,74.3302974,10,,,2,8,6,2,2,/assets/ss.png
77,GADHINGLAJ DIVISION,NESARI,1139,144112,33/11 KV NANGNUR,33/11 KV,Y,,N,16.2268841,74.4937855,5,,,1,4,3,1,1,/assets/ss.png
78,GADHINGLAJ DIVISION,AJARA,1155,146006,220KV GADHINGLAJ(MUMEWADI),220/33 KV,N,Kolhapur,N,16.2570979,74.2831468,150,,,3,14,3,10,0,/assets/ss.png
79,GADHINGLAJ DIVISION,AJARA,1155,144063,33/11 KV AJARA,33/11 KV,Y,,N,16.1168986,74.2055795,10,,,2,10,8,2,3,/assets/ss.png
80,GADHINGLAJ DIVISION,AJARA,1155,144087,33/11 MALIGRE,33/11 KV,Y,,N,16.1186385,74.2902284,5,,,1,4,3,1,2,/assets/ss.png
81,GADHINGLAJ DIVISION,AJARA,1155,144084,33/11 KV UTTUR,33/11 KV,Y,,N,16.2574946,74.2830464,10,,,2,6,5,1,1,/assets/ss.png
82,GADHINGLAJ DIVISION,AJARA,1155,144107,33/11 KV GAVASE,33/11 KV,Y,,N,16.1201808,74.1480729,5,,,1,8,6,2,4,/assets/ss.png
83,GADHINGLAJ DIVISION,AJARA,1155,144143,33/11KV MASEWADI,33/11 KV,Y,,N,16.1933215,74.2511198,5,0,,,4,3,1,0,/assets/ss.png
84,GADHINGLAJ DIVISION,GADHINGLAJ,1121,144069,33/11 KV KAULAGE,33/11 KV,Y,,N,16.1903107,74.2921548,10,,,2,6,5,1,2,/assets/ss.png
85,GADHINGLAJ DIVISION,GADHINGLAJ,1121,144056,33/11 KV GADHINGLAJ,33/11 KV,Y,,N,16.2280659,74.3423665,15,0,,2,9,7,2,2,/assets/ss.png
86,GADHINGLAJ DIVISION,GADHINGLAJ,1121,144075,33/11 KV MIDC SUB-STATION,33/11 KV,Y,,N,16.2667045,74.3518806,5,,,1,6,4,2,1,/assets/ss.png
87,GADHINGLAJ DIVISION,GADHINGLAJ,1121,144096,33/11KV HEBBAL (K NOOL),33/11 KV,Y,,N,16.250757,74.408863,10,0,,2,7,6,1,1,/assets/ss.png
88,GADHINGLAJ DIVISION,GADHINGLAJ,1121,144089,33/11KV BHADGAON S/STN,33/11 KV,Y,,N,16.1981002,74.3753661,10,,,2,7,6,1,2,/assets/ss.png
89,GADHINGLAJ DIVISION,GADHINGLAJ,1121,144140,33/11KV SHIPPUR TARF AJARA,33/11 KV,Y,,N,16.2213315,74.2859995,5,0,,1,4,3,1,0,/assets/ss.png
90,GADHINGLAJ DIVISION,CHANDGAD,1147,144059,33/11 KOWAD,33/11 kV,Y,,N,16.0027503,74.3771643,15,,,3,14,12,2,1,/assets/ss.png
91,GADHINGLAJ DIVISION,CHANDGAD,1147,144061,33/11 KV CHANDGAD,33/11 KV,Y,,N,15.9458107,74.1961795,10,,,2,9,8,1,2,/assets/ss.png
92,GADHINGLAJ DIVISION,CHANDGAD,1147,144080,33/11 KV KANOOR SUB STATION,33/11 KV,Y,,N,15.9738625,74.1280998,5,,,1,5,4,1,2,/assets/ss.png
93,GADHINGLAJ DIVISION,CHANDGAD,1147,144071,33/11 KV ADKUR,33/11 KV,Y,,N,16.0040895,74.271642,10,,,2,6,5,1,2,/assets/ss.png
94,GADHINGLAJ DIVISION,CHANDGAD,1147,148016,220 KV HALKARNI SUBSTATION,220/33 KV,N,Kolhapur,N,15.9075574,74.3084095,75,,,,11,3,7,0,/assets/ss.png
95,GADHINGLAJ DIVISION,CHANDGAD,1147,144062,33/11 KV SHINOLI S/STN,33/11 KV,Y,,N,15.874066,74.3900522,15,,,3,7,6,1,2,/assets/ss.png
96,GADHINGLAJ DIVISION,CHANDGAD,1147,144060,33/11 KV HALKARNI,33/11 KV,Y,,N,15.912276,74.2970797,15,,,2,10,9,1,1,/assets/ss.png
97,GADHINGLAJ DIVISION,CHANDGAD,1147,144099,33 /11 KV PARLE SUBSTATION,33/11 KV,Y,,N,15.8429194,74.2023642,5,,,1,4,3,1,1,/assets/ss.png
98,GADHINGLAJ DIVISION,CHANDGAD,1147,144098,33/11 KV HALKARNI MIDC,33/11 KV,Y,,N,15.884546,74.2932773,10,,,2,7,6,1,1,/assets/ss.png
99,GADHINGLAJ DIVISION,CHANDGAD,1147,144117,33/11 KV MANGAON,33/11 KV,Y,,N,15.9554223,74.3334002,5,,,1,5,4,1,1,/assets/ss.png
100,GADHINGLAJ DIVISION,CHANDGAD,1147,144120,33/11 KV TUDIYE,33/11 KV,Y,,N,15.7969946,74.3515518,5,,,1,5,4,1,2,/assets/ss.png
101,GADHINGLAJ DIVISION,CHANDGAD,1147,144134,33/11 KV RAJGOLI SUBSTATION,33/11 KV,Y,,N,16.02685,74.42983,5,0,,1,5,4,1,0,/assets/ss.png
102,GADHINGLAJ DIVISION,CHANDGAD,1147,144141,33/11 KV NAGARDALE(KAREKUNDI)S,33/11 KV,Y,,N,15.9437019,74.3750256,5,0,,1,4,3,1,0,/assets/ss.png
103,JAYASINGPUR DIVISION,VADGAON,1198,144125,33/11 KV TOP SUB STATION,33/11 kV,Y,,N,16.7937221,74.2937831,20,,,2,7,5,2,1,/assets/ss.png
104,JAYASINGPUR DIVISION,VADGAON,1198,144129,VADGAON SUB STATION,33/11 kV,Y,,N,16.8195951,74.2902642,20,,,2,6,6,0,1,/assets/ss.png
105,JAYASINGPUR DIVISION,VADGAON,1198,144147,KOLHAPUR UDYAM COOP,33/11 kV,Y,,N,16.8096033,74.2755433,20,,,2,3,3,0,0,/assets/ss.png
106,JAYASINGPUR DIVISION,VADGAON,1198,146008,110/33/11KV K.WATHAR S/STN.,33/11 KV,N,Kolhapur,N,16.8489583,74.286475,166,2,12/18/2024,5,23,18,4,0,/assets/ss.png
107,JAYASINGPUR DIVISION,VADGAON,1198,144046,33/11 KV SAWARDE S/STN,33/11 kV,Y,,N,16.8194555,74.3561818,20,7,06-06-2025,4,14,12,2,1,/assets/ss.png
108,JAYASINGPUR DIVISION,VADGAON,1198,144081,33/11KV LATWADE SUB STATION,33/11 KV,Y,,N,16.8417698,74.3395002,10,,,1,6,6,0,1,/assets/ss.png
109,JAYASINGPUR DIVISION,KURUNDWAD,1180,144045,33/11KV TAKALI,33/11 KV,Y,,N,16.6100098,74.6165183,15,0,,,10,10,0,2,/assets/ss.png
110,JAYASINGPUR DIVISION,KURUNDWAD,1180,144086,33/11KV GHOSARAWAD,33/11 KV,Y,,N,16.6106389,74.5676194,15,0,,,9,8,1,2,/assets/ss.png
111,JAYASINGPUR DIVISION,KURUNDWAD,1180,146014,110KV KURUNDWAD,132/33 KV,N,Kolhapur,N,16.6745049,74.5927595,50,0,,,9,3,5,0,/assets/ss.png
112,JAYASINGPUR DIVISION,KURUNDWAD,1180,144043,33/11 KV SHIRDHON,33/11 KV,Y,,N,16.6859781,74.5331378,15,0,,,7,7,0,2,/assets/ss.png
113,JAYASINGPUR DIVISION,KURUNDWAD,1180,144044,33/11KV KURUNDWAD,33/11 KV,Y,,N,16.6749301,74.5928035,20,0,,,10,10,0,1,/assets/ss.png
114,JAYASINGPUR DIVISION,HATKANANGALE,1163,144039,33/11 KV CHOKAK S/STN,33/11 KV,Y,,N,16.753574,74.357368,15,0,,2,8,8,0,2,/assets/ss.png
115,JAYASINGPUR DIVISION,HATKANANGALE,1163,144040,33/11 KV HATKANGALE,33/11 KV,Y,,N,16.7494319,74.4226114,15,0,,3,10,10,0,3,/assets/ss.png
116,JAYASINGPUR DIVISION,HATKANANGALE,1163,144113,33/11KV AWADE PARK,33/11 KV,Y,,N,16.7559267,74.4511517,20,0,,3,13,13,0,1,/assets/ss.png
117,JAYASINGPUR DIVISION,HATKANANGALE,1163,144041,33/11 KV KUMBHOJ S/STN (HTK),33/11 KV,Y,,N,16.8171483,74.44121,20,0,,3,11,11,0,2,/assets/ss.png
118,JAYASINGPUR DIVISION,HATKANANGALE,1163,144142,33/11 KV RUKADI SUBSTATION,33/11 KV,N,Kolhapur,N,16.720235,74.3721783,10,0,1/22/2025,2,8,6,2,0,/assets/ss.png
119,JAYASINGPUR DIVISION,SHIROL,9148,144038,33/11 KV KAVATHE-GULAND,33/11 KV,Y,,N,16.6952172,74.6478931,10,0,,1,10,10,0,1,/assets/ss.png
120,JAYASINGPUR DIVISION,SHIROL,9148,144037,33/11 KV SHIRATI,33/11 KV,Y,,N,16.7429767,74.6441515,15,0,,,8,8,0,1,/assets/ss.png
121,JAYASINGPUR DIVISION,SHIROL,9148,144090,33 / 11 KV NANDANI SUBSTATION,33/11 KV,Y,,N,16.7398301,74.5342779,10,0,,,6,6,0,2,/assets/ss.png
122,JAYASINGPUR DIVISION,SHIROL,9148,144137,33/11 KV SHIROL ITI S/S,33/11 KV,Y,,N,16.7394752,74.5919505,1,0,3/15/2024,,5,5,0,0,/assets/ss.png
123,JAYASINGPUR DIVISION,JAYSINGPUR,1171,144042,33/11 KV KOTHALI,33/11 KV,Y,,N,16.8054443,74.5303166,25,,,3,9,9,0,1,/assets/ss.png
124,JAYASINGPUR DIVISION,JAYSINGPUR,1171,146005,110/33KV JSP,132/33 KV,N,Kolhapur,N,16.7688137,74.5330817,135,,,5,24,15,8,0,/assets/ss.png
125,JAYASINGPUR DIVISION,JAYSINGPUR,1171,144036,33/11KV SHIROL,33/11 KV,Y,,N,16.7674449,74.5669878,25,,,3,14,14,0,1,/assets/ss.png
126,JAYASINGPUR DIVISION,JAYSINGPUR,1171,144074,33/11 KV JAYSINGPUR,33/11 KV,Y,,N,16.7727381,74.5590472,10,,,2,6,6,0,1,/assets/ss.png
127,JAYASINGPUR DIVISION,JAYSINGPUR,1171,144128,33/11 KV 2 X 5 MVA DANOLI S/S,33/11 KV,Y,,N,16.8041075,74.4905568,10,,,2,4,4,0,1,/assets/ss.png
128,JAYASINGPUR DIVISION,JAYSINGPUR,1171,144123,33/11KV KONDIGRE,33/11 KV,Y,,N,16.7389614,74.519592,10,3,9/24/2024,2,13,7,6,1,/assets/ss.png
129,KOLHAPUR RURAL II DIV.,HUPARI,7111,144064,33/11 KV HUPARI,33/11 KV,Y,,N,16.6159759,74.4037249,20,,,4,7,7,0,1,/assets/ss.png
130,KOLHAPUR RURAL II DIV.,HUPARI,7111,144065,33/11 KV S/ST PATTANKODOLI,33/11 KV,Y,,N,16.6549839,74.3625181,15,,,1,9,9,0,1,/assets/ss.png
131,KOLHAPUR RURAL II DIV.,HUPARI,7111,144076,33/11 KV RANGOLI,33/11 KV,Y,,N,16.6350139,74.4405498,5,,,1,4,4,0,1,/assets/ss.png
132,KOLHAPUR RURAL II DIV.,HUPARI,7111,144085,33/11KV YELGUD SUBSTATION,33/11 KV,Y,,N,16.6011935,74.4155836,5,,,1,4,4,0,1,/assets/ss.png
133,KOLHAPUR RURAL II DIV.,HUPARI,7111,144095,33/11KV GADMUDSHINGI,33/11 KV,Y,,N,16.6750121,74.2994615,10,,,2,6,6,0,1,/assets/ss.png
134,KOLHAPUR RURAL II DIV.,KAGAL,7129,144016,33/11 KV KAGAL SUBSTATION,33/11 KV,Y,,N,16.5896559,74.3077794,15,,,2,11,10,1,1,/assets/ss.png
135,KOLHAPUR RURAL II DIV.,KAGAL,7129,144067,33/11 KV K'SANGAON,33/11 KV,Y,,N,16.5997312,74.3529662,10,,,1,9,8,1,1,/assets/ss.png
136,KOLHAPUR RURAL II DIV.,KAGAL,7129,146012,110/33 KV G.SHIRGAON,110/33 KV,N,Kolhapur,N,16.6361861,74.2758972,100,,,,10,4,5,0,/assets/ss.png
137,KOLHAPUR RURAL II DIV.,KAGAL,7129,148002,220/110/33 KV MUDSHINGI,220/33 KV,N,Kolhapur,N,16.6751133,74.2995283,100,,,,12,3,8,0,/assets/ss.png
138,KOLHAPUR RURAL II DIV.,KAGAL,7129,148009,220/33KV FIVE STAR EHV S/STN,220/33 KV,N,Kolhapur,N,16.6104702,74.3695023,150,,,,18,14,3,0,/assets/ss.png
139,KOLHAPUR RURAL II DIV.,KAGAL,7129,144017,33/11 KV GOKULSHIRGAON,33/11 KV,Y,,N,16.6359601,74.2754957,35,,,4,15,15,0,1,/assets/ss.png
140,KOLHAPUR RURAL II DIV.,KAGAL,7129,144073,33/11 KV 5 STAR MIDC,33/11 KV,Y,,N,16.6237851,74.348039,40,,,4,16,13,3,4,/assets/ss.png
141,KOLHAPUR RURAL II DIV.,KAGAL,7129,144015,33/11KV SIDHNERLI,33/11 KV,Y,,N,16.554098,74.247887,15,,,2,10,10,0,2,/assets/ss.png
142,KOLHAPUR RURAL II DIV.,KAGAL,7129,144079,33/11 KV MIDC G SHIRGAON,33/11 KV,Y,,N,16.6468242,74.2901847,20,,,2,7,7,0,1,/assets/ss.png
143,KOLHAPUR RURAL II DIV.,KAGAL,7129,144083,33/11 KV KENAWADE,33/11 KV,Y,,N,16.4841876,74.2319677,10,,,1,8,7,1,2,/assets/ss.png
144,KOLHAPUR RURAL II DIV.,KAGAL,7129,144119,33/11 KV PIMPALGAON KH,33/11 KV,Y,,N,16.5828675,74.2861165,10,0,06-01-2021,1,7,7,0,2,/assets/ss.png
145,KOLHAPUR RURAL II DIV.,KAGAL,7129,144124,33/11 KV GAHININATH NAGAR,33/11 KV,Y,,N,16.58323,74.3353141,5,,,,4,3,1,1,/assets/ss.png
146,KOLHAPUR RURAL II DIV.,GARGOTI,7137,144021,33/11KV GARGOTI SUBSTATION,33/11 KV,Y,,N,16.3161461,74.1455989,10,,,2,9,8,1,3,/assets/ss.png
147,KOLHAPUR RURAL II DIV.,GARGOTI,7137,144094,33/11 KV TAMBALE SUBSTATION,33/11 KV,Y,,N,16.1655297,73.9986533,5,,,1,7,5,2,3,/assets/ss.png
148,KOLHAPUR RURAL II DIV.,GARGOTI,7137,144082,33/11 KV DARWAD SUBSTATION,33/11 KV,Y,,N,16.3494894,74.1262561,10,,,2,7,6,1,3,/assets/ss.png
149,KOLHAPUR RURAL II DIV.,GARGOTI,7137,144023,33/11 KV KADGAON SUBSTATION,33/11 KV,Y,,N,16.2207937,74.0697014,10,,,2,8,7,1,3,/assets/ss.png
150,KOLHAPUR RURAL II DIV.,GARGOTI,7137,144132,33/11KV SHELOLI SUBSTATION,33/11 KV,Y,,N,16.2382433,74.1107383,5,,,1,4,3,1,0,/assets/ss.png
151,KOLHAPUR RURAL II DIV.,GARGOTI,7137,144022,33/11KV PIMPALGAON S/S,33/11 KV,Y,,N,16.2660557,74.2159426,10,,,2,7,7,0,3,/assets/ss.png
152,KOLHAPUR RURAL II DIV.,RADHANAGARI,7145,146004,110KV/33KV/11KV RHE,132/33 KV,N,Kolhapur,N,16.4046961,73.9602215,50,,,,6,1,4,0,/assets/ss.png
153,KOLHAPUR RURAL II DIV.,RADHANAGARI,7145,144027,33/11 KV AAWALI,33/11 KV,Y,,N,16.4861167,74.0515821,8.15,0,,2,8,6,2,2,/assets/ss.png
154,KOLHAPUR RURAL II DIV.,RADHANAGARI,7145,144024,33/11KV WALWA S/S,33/11 KV,Y,,N,16.4792636,74.162932,10,0,,2,6,5,1,1,/assets/ss.png
155,KOLHAPUR RURAL II DIV.,RADHANAGARI,7145,144066,33/11 KV SOLANKUR S/S,33/11 KV,Y,,N,16.4168421,74.037162,5,0,,1,6,6,0,3,/assets/ss.png
156,KOLHAPUR RURAL II DIV.,RADHANAGARI,7145,144026,33/11 KV TARALE SUB STSTION,33/11 KV,Y,,N,16.4430148,74.013181,5,0,,1,3,2,1,1,/assets/ss.png
157,KOLHAPUR RURAL II DIV.,RADHANAGARI,7145,144028,33/11KV HASANE SUB-STATION,33/11 KV,Y,,N,16.352251,73.854926,3.15,0,,1,2,1,1,1,/assets/ss.png
158,KOLHAPUR RURAL II DIV.,RADHANAGARI,7145,144091,33/11 KV RADHANAGARI,33/11 KV,Y,,N,16.4094005,74.0084766,5,0,,1,5,5,0,1,/assets/ss.png
159,KOLHAPUR RURAL II DIV.,RADHANAGARI,7145,144025,33/11 KV DHAMOD,33/11 KV,Y,,N,16.5261064,74.0215895,10,0,,2,6,5,1,2,/assets/ss.png
160,KOLHAPUR RURAL II DIV.,RADHANAGARI,7145,148019,220/110/33 KV BIDRI,220/110/33 KV,N,Kolhapur,N,16.427922,74.134395,50,,,,6,2,3,0,/assets/ss.png
161,KOLHAPUR RURAL II DIV.,MURGUD,7153,144018,33/11 KV KAPASHI,33/11 KV,Y,,N,16.3413096,74.2921183,15,,,2,10,9,1,2,/assets/ss.png
162,KOLHAPUR RURAL II DIV.,MURGUD,7153,144020,33/11 KV MUDHAL THITA,33/11 KV,Y,,N,16.407755,74.1419162,15,,,3,11,10,1,3,/assets/ss.png
163,KOLHAPUR RURAL II DIV.,MURGUD,7153,144019,33/11 KV SONAGE S/S,33/11 KV,Y,,N,16.429517,74.2711484,10,,,1,7,6,1,2,/assets/ss.png
164,KOLHAPUR RURAL II DIV.,MURGUD,7153,148020,220/33KV HAMIDWADA S.ST.,220/33 KV,N,Kolhapur,N,16.4260344,74.2835291,100,,,,8,4,3,0,/assets/ss.png
165,KOLHAPUR RURAL II DIV.,MURGUD,7153,144097,33/11KV KURANI,33/11 KV,Y,,N,16.4277438,74.1986706,10,,,2,7,6,1,2,/assets/ss.png
166,KOLHAPUR RURAL II DIV.,MURGUD,7153,144135,33/11 KV KHADAKEWADA,33/11 KV,Y,,N,16.4274747,74.3139064,5,0,,1,4,4,0,0,/assets/ss.png
167,KOLHAPUR RURAL II DIV.,MURGUD,7153,144145,33/11 KV CHIMGAON,33/11 KV,Y,,N,16.3730061,74.1982376,5,0,,,4,4,0,0,/assets/ss.png
168,KOLHAPUR RURAL I DIVISION,KODOLI,6157,144002,33/11 KV KODOLI,33/11 KV,Y,,N,16.8680046,74.1956077,15,0,,2,10,10,0,2,/assets/ss.png
169,KOLHAPUR RURAL I DIVISION,KODOLI,6157,144014,33/11 KV SATAVE,33/11 KV,Y,,N,16.8869346,74.1186472,5,0,,1,9,9,0,1,/assets/ss.png
170,KOLHAPUR RURAL I DIVISION,KADAMWADI,6173,144001,33/11KV SHIYE,33/11 KV,Y,,N,16.7621234,74.2632636,45,0,,2,6,6,0,2,/assets/ss.png
171,KOLHAPUR RURAL I DIVISION,KADAMWADI,6173,144003,33/11 KV KERLE,33/11 KV,Y,,N,16.7681238,74.1668446,25,0,,4,12,12,0,2,/assets/ss.png
172,KOLHAPUR RURAL I DIVISION,PARITE,6165,144009,33/11 KV KANCHANWADI,33/11 kV,Y,,N,16.58771,74.071324,15,,,2,9,8,1,1,/assets/ss.png
173,KOLHAPUR RURAL I DIVISION,PARITE,6165,146011,110/11 KV KOTHALI,132/33 KV,N,Kolhapur,N,16.5788003,74.133235,75,,,2,14,10,3,0,/assets/ss.png
174,KOLHAPUR RURAL I DIVISION,PARITE,6165,144010,33/11 KV WADAKSHIVALE,33/11 KV,Y,,N,16.5470883,74.178135,20,,,2,12,11,1,1,/assets/ss.png
175,KOLHAPUR RURAL I DIVISION,PARITE,6165,146013,110/33 KV PUIKHADI,132/33 KV,N,Kolhapur,N,16.6593946,74.1980675,100,,,,12,4,7,0,/assets/ss.png
176,KOLHAPUR RURAL I DIVISION,PARITE,6165,144078,33/11 KV RASHIWADE,33/11 KV,Y,,N,16.54937,74.107548,10,,,2,9,6,3,1,/assets/ss.png
177,KOLHAPUR RURAL I DIVISION,KALE,6149,144007,33/11 KV PADAL,33/11 kV,Y,,N,16.7353452,74.1167673,10,,,2,7,6,1,2,/assets/ss.png
178,KOLHAPUR RURAL I DIVISION,KALE,6149,144115,33/11KV VETAVADE S/STN,33/11 kV,Y,,N,16.6503321,74.0200349,10,,,1,3,3,0,1,/assets/ss.png
179,KOLHAPUR RURAL I DIVISION,KALE,6149,146007,110/33/11 KV KALE S/STN,33/11 KV,N,Kolhapur,N,16.7105416,74.0412752,60,,,1,18,11,6,0,/assets/ss.png
180,KOLHAPUR RURAL I DIVISION,KALE,6149,144008,33/11KV S//S BAJAR BHOGOAN,33/11 KV,Y,,N,16.7557462,73.9900912,10,,,2,7,6,1,1,/assets/ss.png
181,KOLHAPUR RURAL I DIVISION,KALE,6149,144122,33/11 KV  PAT PANHALA,33/11 KV,Y,,N,16.7490489,73.9607217,5,,,1,4,3,1,1,/assets/ss.png
182,KOLHAPUR RURAL I DIVISION,PHULEWADI,6181,144031,33/11 KV BALINGA S/STN,33/11 KV,Y,,N,16.6917211,74.1690191,20,,,4,11,11,0,3,/assets/ss.png
183,KOLHAPUR RURAL I DIVISION,PHULEWADI,6181,144005,33/11 KV KOGE,33/11 KV,Y,,N,16.6599238,74.1440563,15,,,3,8,8,0,1,/assets/ss.png
184,KOLHAPUR RURAL I DIVISION,PHULEWADI,6181,144110,33/11KV BOLOLI S.ST,33/11 KV,Y,,N,16.643153,74.055213,5,,,1,4,4,0,1,/assets/ss.png
185,KOLHAPUR RURAL I DIVISION,PHULEWADI,6181,144136,33/11 KV BHAMATE SUB STATION,33/11 KV,Y,,N,16.7101261,74.0863981,5,0,,1,4,4,0,0,/assets/ss.png
186,KOLHAPUR RURAL I DIVISION,MALKAPUR,6190,144077,33/11 KV MANJARE,33/11 KV,Y,,N,16.83201,73.821353,5,,,1,5,4,1,2,/assets/ss.png
187,KOLHAPUR RURAL I DIVISION,MALKAPUR,6190,144012,33 /11 KV SARUD,33/11 KV,Y,,N,16.9149745,74.0400241,15,,,3,10,9,1,1,/assets/ss.png
188,KOLHAPUR RURAL I DIVISION,MALKAPUR,6190,144109,33/11 KV THAWADE,33/11 KV,Y,,N,17.0431569,73.9418251,5,,,1,4,3,1,1,/assets/ss.png
189,KOLHAPUR RURAL I DIVISION,MALKAPUR,6190,144088,33/11 KV WARUL,33/11 KV,Y,,N,16.9572527,73.8708375,5,,,1,6,5,1,1,/assets/ss.png
190,KOLHAPUR RURAL I DIVISION,MALKAPUR,6190,147018,132/33KV BAMBAWADE,132/33 KV,N,Kolhapur,N,16.8850246,74.0261804,50,,,2,9,2,6,0,/assets/ss.png
191,KOLHAPUR RURAL I DIVISION,MALKAPUR,6190,144011,33/11 KV SHAHUWADI,33/11 KV,Y,,N,16.9048649,73.9450775,10,,,2,13,10,3,2,/assets/ss.png
192,KOLHAPUR RURAL I DIVISION,GAGANBAWADA S/DN.,4807,144006,33/11 KV GAGANBAWDA S/STN,33/11 kV,Y,,N,16.5482741,73.8301425,5,,,1,7,6,1,1,/assets/ss.png
193,KOLHAPUR RURAL I DIVISION,GAGANBAWADA S/DN.,4807,144070,33/11 KV MARGEWADI (NIVADE),33/11 kV,Y,,N,16.6742091,73.9644028,10,,,2,9,8,1,1,/assets/ss.png
194,KOLHAPUR RURAL I DIVISION,GAGANBAWADA S/DN.,4807,144139,"33/11KV 1X5MVA, JARGI SUBSTATI",33/11 KV,Y,,N,16.5561538,73.9300473,5,0,,,4,3,1,0,/assets/ss.png
195,KOLHAPUR RURAL I DIVISION,PANHALA,6131,144004,PANHALA SUB-STATION,33/11 KV,Y,,N,16.8024534,74.1155392,10,0,,2,10,9,1,2,/assets/ss.png
196,KOLHAPUR RURAL I DIVISION,PANHALA,6131,144013,33/11 KV DIGAWADE,33/11 KV,Y,,N,16.7590577,74.0646691,10,,,2,7,6,1,2,/assets/ss.png
197,KOLHAPUR RURAL I DIVISION,PANHALA,6131,144146,33/11 KV NIWADE,33/11 KV,Y,,N,16.7896914,73.9825174,5,0,,,4,3,1,0,/assets/ss.png
198,ICHALKARANJI DIVISION,ICHALKARNJI B S/DN.,4711,144049,33/11 KV B S/S,33/11 kV,Y,,N,16.696391,74.458817,70,,,3,11,9,2,1,/assets/ss.png
199,ICHALKARANJI DIVISION,ICHALKARNJI B S/DN.,4711,144050,33/11 KV SHAHPUR S/S,33/11 kV,Y,,N,16.7132977,74.4596714,80,,,4,16,13,3,3,/assets/ss.png
200,ICHALKARANJI DIVISION,ICHALKARNJI B S/DN.,4711,144051,33/11 KV KABNOOR,33/11 kV,Y,,N,16.6969665,74.445529,60,,,3,10,9,1,3,/assets/ss.png
201,ICHALKARANJI DIVISION,ICHALKARNJI B S/DN.,4711,144111,33/11 KV HANUMANNAGAR,33/11 kV,Y,,N,16.6966086,74.445338,10,,,2,5,4,1,2,/assets/ss.png
202,ICHALKARANJI DIVISION,ICHALKARNJI B S/DN.,4711,144118,33/11 KV KOROCHI SUB STATION,33/11 kV,Y,,N,16.718755,74.437685,80,,,3,10,8,2,1,/assets/ss.png
203,ICHALKARANJI DIVISION,ICHALKARNJI B S/DN.,4711,146003,110KV ICHALKARANJI,132/11 KV,N,Kolhapur,N,16.7045459,74.4579411,175,0,,,23,13,9,2,/assets/ss.png
204,ICHALKARANJI DIVISION,ICHALKARNJI A S/DN.,4710,144048,33/11 KV AWADE MALA S/S,33/11 KV,Y,,N,16.6738996,74.4664744,30,0,,3,15,13,2,2,/assets/ss.png
205,ICHALKARANJI DIVISION,ICHALKARNJI A S/DN.,4710,144047,33/11 KV AMRAI,33/11 KV,Y,,N,16.698641,74.4826017,15,0,,2,8,6,2,2,/assets/ss.png
206,ICHALKARANJI DIVISION,ICHALKARNJI A S/DN.,4710,144126,33/11KV GIS ICHALKARANJI,33/11 KV,Y,,N,16.695973,74.458877,20,0,,2,10,8,2,1,/assets/ss.png
207,ICHALKARANJI DIVISION,ICHALKARANJI(RURAL),9121,144054,33/11KV MANGAON,33/11 KV,Y,,N,16.7101655,74.3737018,20,0,,2,10,9,1,1,/assets/ss.png
208,ICHALKARANJI DIVISION,ICHALKARANJI(RURAL),9121,144052,33/11 KV YADRAV,33/11 KV,Y,,N,16.7267276,74.4882565,20,0,,2,13,10,3,2,/assets/ss.png
209,ICHALKARANJI DIVISION,ICHALKARANJI(RURAL),9121,148015,220 KV TILAWANI,220/110/33 KV,N,Kolhapur,N,16.7376733,74.4058403,200,0,,,13,4,8,0,/assets/ss.png
210,ICHALKARANJI DIVISION,ICHALKARANJI(RURAL),9121,144053,33/11 KV TILAWANI,33/11 KV,Y,,N,16.7366482,74.4069325,25,0,,3,10,9,1,1,/assets/ss.png
211,ICHALKARANJI DIVISION,ICHALKARANJI(RURAL),9121,144072,33/11 KV CHANDUR,33/11 KV,Y,,N,16.6839061,74.4289886,25,0,,3,10,9,1,1,/assets/ss.png
212,ICHALKARANJI DIVISION,ICHALKARANJI(RURAL),9121,144055,33/11 KV SHIRADWAD,33/11 KV,Y,,N,16.6502149,74.4894469,15,0,,,8,8,0,1,/assets/ss.png
213,ICHALKARANJI DIVISION,ICHALKARANJI(RURAL),9121,144108,33/11 KV PARVATI INDUSTRIAL ES,33/11 KV,Y,,N,16.7271485,74.4884667,35,0,,4,13,7,6,3,/assets/ss.png
214,ICHALKARANJI DIVISION,ICHALKARANJI(RURAL),9121,144116,33/11 KV ABDUL LAT,33/11 KV,Y,,N,16.6516587,74.513134,10,0,,2,6,5,1,1,/assets/ss.png
215,ICHALKARANJI DIVISION,ICHALKARANJI(RURAL),9121,144114,33/33 KV LAXMI SWITCHING STATI,33/33 KV,Y,,Y,16.7365606,74.4070442,,0,,,7,1,6,2,/assets/ss.png
216,ICHALKARANJI DIVISION,ICHALKARANJI(RURAL),9121,144144,MAHALAXMI,33/11 KV,Y,,N,16.7250791,74.4893789,20,0,1/24/2025,2,8,6,2,0,/assets/ss.png
217,ICHALKARANJI DIVISION,ICHALKARANJI(RURAL),9121,144148,33/11 KV SATYARAJ TEXTILE PARK,33/11 KV,Y,,N,16.6462138,74.5000283,20,0,4/22/2025,,6,6,0,0,/assets/ss.png
